<?xml version="1.0" encoding="UTF-8"?>
<config xmlns="http://www.knime.org/2008/09/XMLConfig" xmlns:xsi="http://www.w3.org/2001/XMLSchema-instance" xsi:schemaLocation="http://www.knime.org/2008/09/XMLConfig http://www.knime.org/XMLConfig_2008_09.xsd" key="model.xml">
    <entry key="version" type="xint" value="1"/>
    <entry key="class_name" type="xstring" value="org.knime.base.data.normalize.NormalizerPortObject"/>
    <config key="model">
        <config key="columns">
            <config key="Value">
                <entry key="column_name" type="xstring" value="Value"/>
                <entry key="column_scale" type="xdouble" value="2.3062730627306272E-4"/>
                <entry key="column_translate" type="xdouble" value="-0.8683118081180812"/>
                <entry key="column_min" type="xdouble" value="0.0"/>
                <entry key="column_max" type="xdouble" value="1.0"/>
            </config>
            <config key="Precipitation Gargnäs(mm)">
                <entry key="column_name" type="xstring" value="Precipitation Gargnäs(mm)"/>
                <entry key="column_scale" type="xdouble" value="0.00946073793755913"/>
                <entry key="column_translate" type="xdouble" value="-0.002838221381267739"/>
                <entry key="column_min" type="xdouble" value="0.0"/>
                <entry key="column_max" type="xdouble" value="1.0"/>
            </config>
            <config key="Wind Speed Bjuröklubb A (m/s)">
                <entry key="column_name" type="xstring" value="Wind Speed Bjuröklubb A (m/s)"/>
                <entry key="column_scale" type="xdouble" value="0.07692307692307693"/>
                <entry key="column_translate" type="xdouble" value="-0.07692307692307693"/>
                <entry key="column_min" type="xdouble" value="0.0"/>
                <entry key="column_max" type="xdouble" value="1.0"/>
            </config>
            <config key="Wind Speed Lycksele (m/s)">
                <entry key="column_name" type="xstring" value="Wind Speed Lycksele (m/s)"/>
                <entry key="column_scale" type="xdouble" value="0.16666666666666666"/>
                <entry key="column_translate" type="xdouble" value="0.0"/>
                <entry key="column_min" type="xdouble" value="0.0"/>
                <entry key="column_max" type="xdouble" value="1.0"/>
            </config>
            <config key="Wind Speed Storön A (m/s)">
                <entry key="column_name" type="xstring" value="Wind Speed Storön A (m/s)"/>
                <entry key="column_scale" type="xdouble" value="0.08403361344537814"/>
                <entry key="column_translate" type="xdouble" value="0.0"/>
                <entry key="column_min" type="xdouble" value="0.0"/>
                <entry key="column_max" type="xdouble" value="1.0"/>
            </config>
            <config key="Wind Speed Rödkallen A (m/s)">
                <entry key="column_name" type="xstring" value="Wind Speed Rödkallen A (m/s)"/>
                <entry key="column_scale" type="xdouble" value="0.08403361344537816"/>
                <entry key="column_translate" type="xdouble" value="-0.10924369747899161"/>
                <entry key="column_min" type="xdouble" value="0.0"/>
                <entry key="column_max" type="xdouble" value="1.0"/>
            </config>
            <config key="Global Irradiance Lund(w/m2)">
                <entry key="column_name" type="xstring" value="Global Irradiance Lund(w/m2)"/>
                <entry key="column_scale" type="xdouble" value="1.0"/>
                <entry key="column_translate" type="xdouble" value="0.0"/>
                <entry key="column_min" type="xdouble" value="0.0"/>
                <entry key="column_max" type="xdouble" value="1.0"/>
            </config>
            <config key="Global Irradiance Goteborg(w/m2)">
                <entry key="column_name" type="xstring" value="Global Irradiance Goteborg(w/m2)"/>
                <entry key="column_scale" type="xdouble" value="1.0"/>
                <entry key="column_translate" type="xdouble" value="0.0"/>
                <entry key="column_min" type="xdouble" value="0.0"/>
                <entry key="column_max" type="xdouble" value="1.0"/>
            </config>
            <config key="Global Irradiance Stockholm(w/m2)">
                <entry key="column_name" type="xstring" value="Global Irradiance Stockholm(w/m2)"/>
                <entry key="column_scale" type="xdouble" value="16.666666666666668"/>
                <entry key="column_translate" type="xdouble" value="0.0"/>
                <entry key="column_min" type="xdouble" value="0.0"/>
                <entry key="column_max" type="xdouble" value="1.0"/>
            </config>
            <config key="Global Irradiance Vaxjo(w/m2)">
                <entry key="column_name" type="xstring" value="Global Irradiance Vaxjo(w/m2)"/>
                <entry key="column_scale" type="xdouble" value="1.0"/>
                <entry key="column_translate" type="xdouble" value="0.0"/>
                <entry key="column_min" type="xdouble" value="0.0"/>
                <entry key="column_max" type="xdouble" value="1.0"/>
            </config>
            <config key="Average Precipitation (mm)">
                <entry key="column_name" type="xstring" value="Average Precipitation (mm)"/>
                <entry key="column_scale" type="xdouble" value="0.009732360097323601"/>
                <entry key="column_translate" type="xdouble" value="-0.020924574209245747"/>
                <entry key="column_min" type="xdouble" value="0.0"/>
                <entry key="column_max" type="xdouble" value="1.0"/>
            </config>
        </config>
        <entry key="summary" type="xstring" value="Min/Max (0.0, 1) normalization on 11 column(s)"/>
    </config>
</config>
