<?xml version="1.0" encoding="UTF-8"?>
<config xmlns="http://www.knime.org/2008/09/XMLConfig" xmlns:xsi="http://www.w3.org/2001/XMLSchema-instance" xsi:schemaLocation="http://www.knime.org/2008/09/XMLConfig http://www.knime.org/XMLConfig_2008_09.xsd" key="model.xml">
    <entry key="version" type="xint" value="1"/>
    <entry key="class_name" type="xstring" value="org.knime.base.data.normalize.NormalizerPortObject"/>
    <config key="model">
        <config key="columns">
            <config key="Electricity (GWh)">
                <entry key="column_name" type="xstring" value="Electricity (GWh)"/>
                <entry key="column_scale" type="xdouble" value="0.001321003963011889"/>
                <entry key="column_translate" type="xdouble" value="-0.010568031704095112"/>
                <entry key="column_min" type="xdouble" value="0.0"/>
                <entry key="column_max" type="xdouble" value="1.0"/>
            </config>
            <config key="Sum(Average Irradiance (w/m2))">
                <entry key="column_name" type="xstring" value="Sum(Average Irradiance (w/m2))"/>
                <entry key="column_scale" type="xdouble" value="4.888947257486978E-6"/>
                <entry key="column_translate" type="xdouble" value="-0.0019557377937806596"/>
                <entry key="column_min" type="xdouble" value="0.0"/>
                <entry key="column_max" type="xdouble" value="1.0"/>
            </config>
            <config key="Irradiance (W/m2)">
                <entry key="column_name" type="xstring" value="Irradiance (W/m2)"/>
                <entry key="column_scale" type="xdouble" value="0.0036343754352355937"/>
                <entry key="column_translate" type="xdouble" value="-0.03449995606997543"/>
                <entry key="column_min" type="xdouble" value="0.0"/>
                <entry key="column_max" type="xdouble" value="1.0"/>
            </config>
            <config key="Median(Average Irradiance (w/m2))">
                <entry key="column_name" type="xstring" value="Median(Average Irradiance (w/m2))"/>
                <entry key="column_scale" type="xdouble" value="0.004764769295826658"/>
                <entry key="column_translate" type="xdouble" value="0.0"/>
                <entry key="column_min" type="xdouble" value="0.0"/>
                <entry key="column_max" type="xdouble" value="1.0"/>
            </config>
        </config>
        <entry key="summary" type="xstring" value="Min/Max (0.0, 1) normalization on 4 column(s)"/>
    </config>
</config>
