<?xml version="1.0" encoding="UTF-8"?>
<config xmlns="http://www.knime.org/2008/09/XMLConfig" xmlns:xsi="http://www.w3.org/2001/XMLSchema-instance" xsi:schemaLocation="http://www.knime.org/2008/09/XMLConfig http://www.knime.org/XMLConfig_2008_09.xsd" key="model.xml">
    <entry key="version" type="xint" value="1"/>
    <entry key="class_name" type="xstring" value="org.knime.base.data.normalize.NormalizerPortObject"/>
    <config key="model">
        <config key="columns">
            <config key="Electricity (GWh)">
                <entry key="column_name" type="xstring" value="Electricity (GWh)"/>
                <entry key="column_scale" type="xdouble" value="3.013863773357444E-4"/>
                <entry key="column_translate" type="xdouble" value="-0.4086799276672694"/>
                <entry key="column_min" type="xdouble" value="0.0"/>
                <entry key="column_max" type="xdouble" value="1.0"/>
            </config>
            <config key="Mean of Wind Speed (m/s)">
                <entry key="column_name" type="xstring" value="Mean of Wind Speed (m/s)"/>
                <entry key="column_scale" type="xdouble" value="0.3307705888962006"/>
                <entry key="column_translate" type="xdouble" value="-1.2102563279456835"/>
                <entry key="column_min" type="xdouble" value="0.0"/>
                <entry key="column_max" type="xdouble" value="1.0"/>
            </config>
            <config key="Median of Wind Speed (m/s)">
                <entry key="column_name" type="xstring" value="Median of Wind Speed (m/s)"/>
                <entry key="column_scale" type="xdouble" value="0.2826855123674911"/>
                <entry key="column_translate" type="xdouble" value="-0.9505300353356888"/>
                <entry key="column_min" type="xdouble" value="0.0"/>
                <entry key="column_max" type="xdouble" value="1.0"/>
            </config>
            <config key="Sum of Wind Speed (m/s)">
                <entry key="column_name" type="xstring" value="Sum of Wind Speed (m/s)"/>
                <entry key="column_scale" type="xdouble" value="2.3964867504238797E-4"/>
                <entry key="column_translate" type="xdouble" value="-0.011209566775107697"/>
                <entry key="column_min" type="xdouble" value="0.0"/>
                <entry key="column_max" type="xdouble" value="1.0"/>
            </config>
        </config>
        <entry key="summary" type="xstring" value="Min/Max (0.0, 1) normalization on 4 column(s)"/>
    </config>
</config>
