<?xml version="1.0" encoding="UTF-8"?>
<config xmlns="http://www.knime.org/2008/09/XMLConfig" xmlns:xsi="http://www.w3.org/2001/XMLSchema-instance" xsi:schemaLocation="http://www.knime.org/2008/09/XMLConfig http://www.knime.org/XMLConfig_2008_09.xsd" key="model.xml">
    <entry key="version" type="xint" value="1"/>
    <entry key="class_name" type="xstring" value="org.knime.base.data.normalize.NormalizerPortObject"/>
    <config key="model">
        <config key="columns">
            <config key="Value">
                <entry key="column_name" type="xstring" value="Value"/>
                <entry key="column_scale" type="xdouble" value="3.2829940906106366E-4"/>
                <entry key="column_translate" type="xdouble" value="-1.2360472751149048"/>
                <entry key="column_min" type="xdouble" value="0.0"/>
                <entry key="column_max" type="xdouble" value="1.0"/>
            </config>
            <config key="Precipitation Lycksele(mm)">
                <entry key="column_name" type="xstring" value="Precipitation Lycksele(mm)"/>
                <entry key="column_scale" type="xdouble" value="0.008460236886632826"/>
                <entry key="column_translate" type="xdouble" value="-0.017766497461928935"/>
                <entry key="column_min" type="xdouble" value="0.0"/>
                <entry key="column_max" type="xdouble" value="1.0"/>
            </config>
            <config key="Precipitation Sollefteå(mm)">
                <entry key="column_name" type="xstring" value="Precipitation Sollefteå(mm)"/>
                <entry key="column_scale" type="xdouble" value="0.00778816199376947"/>
                <entry key="column_translate" type="xdouble" value="-0.017133956386292837"/>
                <entry key="column_min" type="xdouble" value="0.0"/>
                <entry key="column_max" type="xdouble" value="1.0"/>
            </config>
            <config key="Average Precipitation (mm)">
                <entry key="column_name" type="xstring" value="Average Precipitation (mm)"/>
                <entry key="column_scale" type="xdouble" value="0.009732360097323601"/>
                <entry key="column_translate" type="xdouble" value="-0.020924574209245747"/>
                <entry key="column_min" type="xdouble" value="0.0"/>
                <entry key="column_max" type="xdouble" value="1.0"/>
            </config>
        </config>
        <entry key="summary" type="xstring" value="Min/Max (0.0, 1) normalization on 4 column(s)"/>
    </config>
</config>
